Workbook

Sheet Turma
A1: Nº | B1: Nome Completo | C1: Dt. Nascimento | D1: Responsável | E1: Contato | F1: Al. Especial | G1: Observações
A2: 1 | F2: Não
A3: 2 | F3: Não
A4: 3 | F4: Não
A5: 4 | F5: Não
A6: 5 | F6: Não
A7: 6 | F7: Não
A8: 7 | F8: Não
A9: 8 | F9: Não
A10: 9 | F10: Não
A11: 10 | F11: Não
A12: 11 | F12: Não
A13: 12 | F13: Não
... A28: 27 | F28: Não

Sheet Presença - Fev
A1: Nº | B1: Nome | C1: 1 | D1: 2 | E1: 3 | F1: 4 | G1: 5 | H1: 6 | I1: 7 | J1: 8 | K1: 9 | L1: 10 | M1: 11 | N1: 12 | O1: 13 | P1: 14 | Q1: 15 | R1: 16 | S1: 17 | T1: 18 | U1: 19 | V1: 20 | W1: 21 | X1: 22 | Y1: 23 | Z1: 24 | AA1: 25 | AB1: 26 | AC1: 27 | AD1: 28 | AE1: 29 | AF1: 30 | AG1: 31 | AH1: Total P | AI1: Total F | AJ1: Total J | AK1: % Freq
A2: 1 | B2: =Turma!B2 | AH2: =COUNTIF(C2:AG2,"P") | AI2: =COUNTIF(C2:AG2,"F") | AJ2: =COUNTIF(C2:AG2,"J") | AK2: =IF((AH2+AI2+AJ2)=0,"-",AH2/(AH2+AI2+AJ2))
A3: 2 | B3: =Turma!B3 | AH3: =COUNTIF(C3:AG3,"P") | AI3: =COUNTIF(C3:AG3,"F") | AJ3: =COUNTIF(C3:AG3,"J") | AK3: =IF((AH3+AI3+AJ3)=0,"-",AH3/(AH3+AI3+AJ3))
A4: 3 | B4: =Turma!B4 | AH4: =COUNTIF(C4:AG4,"P") | AI4: =COUNTIF(C4:AG4,"F") | AJ4: =COUNTIF(C4:AG4,"J") | AK4: =IF((AH4+AI4+AJ4)=0,"-",AH4/(AH4+AI4+AJ4))
A5: 4 | B5: =Turma!B5 | AH5: =COUNTIF(C5:AG5,"P") | AI5: =COUNTIF(C5:AG5,"F") | AJ5: =COUNTIF(C5:AG5,"J") | AK5: =IF((AH5+AI5+AJ5)=0,"-",AH5/(AH5+AI5+AJ5))
A6: 5 | B6: =Turma!B6 | AH6: =COUNTIF(C6:AG6,"P") | AI6: =COUNTIF(C6:AG6,"F") | AJ6: =COUNTIF(C6:AG6,"J") | AK6: =IF((AH6+AI6+AJ6)=0,"-",AH6/(AH6+AI6+AJ6))
A7: 6 | B7: =Turma!B7 | AH7: =COUNTIF(C7:AG7,"P") | AI7: =COUNTIF(C7:AG7,"F") | AJ7: =COUNTIF(C7:AG7,"J") | AK7: =IF((AH7+AI7+AJ7)=0,"-",AH7/(AH7+AI7+AJ7))
A8: 7 | B8: =Turma!B8 | AH8: =COUNTIF(C8:AG8,"P") | AI8: =COUNTIF(C8:AG8,"F") | AJ8: =COUNTIF(C8:AG8,"J") | AK8: =IF((AH8+AI8+AJ8)=0,"-",AH8/(AH8+AI8+AJ8))
A9: 8 | B9: =Turma!B9 | AH9: =COUNTIF(C9:AG9,"P") | AI9: =COUNTIF(C9:AG9,"F") | AJ9: =COUNTIF(C9:AG9,"J") | AK9: =IF((AH9+AI9+AJ9)=0,"-",AH9/(AH9+AI9+AJ9))
A10: 9 | B10: =Turma!B10 | AH10: =COUNTIF(C10:AG10,"P") | AI10: =COUNTIF(C10:AG10,"F") | AJ10: =COUNTIF(C10:AG10,"J") | AK10: =IF((AH10+AI10+AJ10)=0,"-",AH10/(AH10+AI10+AJ10))
A11: 10 | B11: =Turma!B11 | AH11: =COUNTIF(C11:AG11,"P") | AI11: =COUNTIF(C11:AG11,"F") | AJ11: =COUNTIF(C11:AG11,"J") | AK11: =IF((AH11+AI11+AJ11)=0,"-",AH11/(AH11+AI11+AJ11))
A12: 11 | B12: =Turma!B12 | AH12: =COUNTIF(C12:AG12,"P") | AI12: =COUNTIF(C12:AG12,"F") | AJ12: =COUNTIF(C12:AG12,"J") | AK12: =IF((AH12+AI12+AJ12)=0,"-",AH12/(AH12+AI12+AJ12))
A13: 12 | B13: =Turma!B13 | AH13: =COUNTIF(C13:AG13,"P") | AI13: =COUNTIF(C13:AG13,"F") | AJ13: =COUNTIF(C13:AG13,"J") | AK13: =IF((AH13+AI13+AJ13)=0,"-",AH13/(AH13+AI13+AJ13))
... A28: 27 | B28: =Turma!B28 | AH28: =COUNTIF(C28:AG28,"P") | AI28: =COUNTIF(C28:AG28,"F") | AJ28: =COUNTIF(C28:AG28,"J") | AK28: =IF((AH28+AI28+AJ28)=0,"-",AH28/(AH28+AI28+AJ28))

Sheet Presença - Mar
A1: Nº | B1: Nome | C1: 1 | D1: 2 | E1: 3 | F1: 4 | G1: 5 | H1: 6 | I1: 7 | J1: 8 | K1: 9 | L1: 10 | M1: 11 | N1: 12 | O1: 13 | P1: 14 | Q1: 15 | R1: 16 | S1: 17 | T1: 18 | U1: 19 | V1: 20 | W1: 21 | X1: 22 | Y1: 23 | Z1: 24 | AA1: 25 | AB1: 26 | AC1: 27 | AD1: 28 | AE1: 29 | AF1: 30 | AG1: 31 | AH1: Total P | AI1: Total F | AJ1: Total J | AK1: % Freq
A2: 1 | B2: =Turma!B2 | AH2: =COUNTIF(C2:AG2,"P") | AI2: =COUNTIF(C2:AG2,"F") | AJ2: =COUNTIF(C2:AG2,"J") | AK2: =IF((AH2+AI2+AJ2)=0,"-",AH2/(AH2+AI2+AJ2))
A3: 2 | B3: =Turma!B3 | AH3: =COUNTIF(C3:AG3,"P") | AI3: =COUNTIF(C3:AG3,"F") | AJ3: =COUNTIF(C3:AG3,"J") | AK3: =IF((AH3+AI3+AJ3)=0,"-",AH3/(AH3+AI3+AJ3))
A4: 3 | B4: =Turma!B4 | AH4: =COUNTIF(C4:AG4,"P") | AI4: =COUNTIF(C4:AG4,"F") | AJ4: =COUNTIF(C4:AG4,"J") | AK4: =IF((AH4+AI4+AJ4)=0,"-",AH4/(AH4+AI4+AJ4))
A5: 4 | B5: =Turma!B5 | AH5: =COUNTIF(C5:AG5,"P") | AI5: =COUNTIF(C5:AG5,"F") | AJ5: =COUNTIF(C5:AG5,"J") | AK5: =IF((AH5+AI5+AJ5)=0,"-",AH5/(AH5+AI5+AJ5))
A6: 5 | B6: =Turma!B6 | AH6: =COUNTIF(C6:AG6,"P") | AI6: =COUNTIF(C6:AG6,"F") | AJ6: =COUNTIF(C6:AG6,"J") | AK6: =IF((AH6+AI6+AJ6)=0,"-",AH6/(AH6+AI6+AJ6))
A7: 6 | B7: =Turma!B7 | AH7: =COUNTIF(C7:AG7,"P") | AI7: =COUNTIF(C7:AG7,"F") | AJ7: =COUNTIF(C7:AG7,"J") | AK7: =IF((AH7+AI7+AJ7)=0,"-",AH7/(AH7+AI7+AJ7))
A8: 7 | B8: =Turma!B8 | AH8: =COUNTIF(C8:AG8,"P") | AI8: =COUNTIF(C8:AG8,"F") | AJ8: =COUNTIF(C8:AG8,"J") | AK8: =IF((AH8+AI8+AJ8)=0,"-",AH8/(AH8+AI8+AJ8))
A9: 8 | B9: =Turma!B9 | AH9: =COUNTIF(C9:AG9,"P") | AI9: =COUNTIF(C9:AG9,"F") | AJ9: =COUNTIF(C9:AG9,"J") | AK9: =IF((AH9+AI9+AJ9)=0,"-",AH9/(AH9+AI9+AJ9))
A10: 9 | B10: =Turma!B10 | AH10: =COUNTIF(C10:AG10,"P") | AI10: =COUNTIF(C10:AG10,"F") | AJ10: =COUNTIF(C10:AG10,"J") | AK10: =IF((AH10+AI10+AJ10)=0,"-",AH10/(AH10+AI10+AJ10))
A11: 10 | B11: =Turma!B11 | AH11: =COUNTIF(C11:AG11,"P") | AI11: =COUNTIF(C11:AG11,"F") | AJ11: =COUNTIF(C11:AG11,"J") | AK11: =IF((AH11+AI11+AJ11)=0,"-",AH11/(AH11+AI11+AJ11))
A12: 11 | B12: =Turma!B12 | AH12: =COUNTIF(C12:AG12,"P") | AI12: =COUNTIF(C12:AG12,"F") | AJ12: =COUNTIF(C12:AG12,"J") | AK12: =IF((AH12+AI12+AJ12)=0,"-",AH12/(AH12+AI12+AJ12))
A13: 12 | B13: =Turma!B13 | AH13: =COUNTIF(C13:AG13,"P") | AI13: =COUNTIF(C13:AG13,"F") | AJ13: =COUNTIF(C13:AG13,"J") | AK13: =IF((AH13+AI13+AJ13)=0,"-",AH13/(AH13+AI13+AJ13))
... A28: 27 | B28: =Turma!B28 | AH28: =COUNTIF(C28:AG28,"P") | AI28: =COUNTIF(C28:AG28,"F") | AJ28: =COUNTIF(C28:AG28,"J") | AK28: =IF((AH28+AI28+AJ28)=0,"-",AH28/(AH28+AI28+AJ28))

Sheet Presença - Abr
A1: Nº | B1: Nome | C1: 1 | D1: 2 | E1: 3 | F1: 4 | G1: 5 | H1: 6 | I1: 7 | J1: 8 | K1: 9 | L1: 10 | M1: 11 | N1: 12 | O1: 13 | P1: 14 | Q1: 15 | R1: 16 | S1: 17 | T1: 18 | U1: 19 | V1: 20 | W1: 21 | X1: 22 | Y1: 23 | Z1: 24 | AA1: 25 | AB1: 26 | AC1: 27 | AD1: 28 | AE1: 29 | AF1: 30 | AG1: 31 | AH1: Total P | AI1: Total F | AJ1: Total J | AK1: % Freq
A2: 1 | B2: =Turma!B2 | AH2: =COUNTIF(C2:AG2,"P") | AI2: =COUNTIF(C2:AG2,"F") | AJ2: =COUNTIF(C2:AG2,"J") | AK2: =IF((AH2+AI2+AJ2)=0,"-",AH2/(AH2+AI2+AJ2))
A3: 2 | B3: =Turma!B3 | AH3: =COUNTIF(C3:AG3,"P") | AI3: =COUNTIF(C3:AG3,"F") | AJ3: =COUNTIF(C3:AG3,"J") | AK3: =IF((AH3+AI3+AJ3)=0,"-",AH3/(AH3+AI3+AJ3))
A4: 3 | B4: =Turma!B4 | AH4: =COUNTIF(C4:AG4,"P") | AI4: =COUNTIF(C4:AG4,"F") | AJ4: =COUNTIF(C4:AG4,"J") | AK4: =IF((AH4+AI4+AJ4)=0,"-",AH4/(AH4+AI4+AJ4))
A5: 4 | B5: =Turma!B5 | AH5: =COUNTIF(C5:AG5,"P") | AI5: =COUNTIF(C5:AG5,"F") | AJ5: =COUNTIF(C5:AG5,"J") | AK5: =IF((AH5+AI5+AJ5)=0,"-",AH5/(AH5+AI5+AJ5))
A6: 5 | B6: =Turma!B6 | AH6: =COUNTIF(C6:AG6,"P") | AI6: =COUNTIF(C6:AG6,"F") | AJ6: =COUNTIF(C6:AG6,"J") | AK6: =IF((AH6+AI6+AJ6)=0,"-",AH6/(AH6+AI6+AJ6))
A7: 6 | B7: =Turma!B7 | AH7: =COUNTIF(C7:AG7,"P") | AI7: =COUNTIF(C7:AG7,"F") | AJ7: =COUNTIF(C7:AG7,"J") | AK7: =IF((AH7+AI7+AJ7)=0,"-",AH7/(AH7+AI7+AJ7))
A8: 7 | B8: =Turma!B8 | AH8: =COUNTIF(C8:AG8,"P") | AI8: =COUNTIF(C8:AG8,"F") | AJ8: =COUNTIF(C8:AG8,"J") | AK8: =IF((AH8+AI8+AJ8)=0,"-",AH8/(AH8+AI8+AJ8))
A9: 8 | B9: =Turma!B9 | AH9: =COUNTIF(C9:AG9,"P") | AI9: =COUNTIF(C9:AG9,"F") | AJ9: =COUNTIF(C9:AG9,"J") | AK9: =IF((AH9+AI9+AJ9)=0,"-",AH9/(AH9+AI9+AJ9))
A10: 9 | B10: =Turma!B10 | AH10: =COUNTIF(C10:AG10,"P") | AI10: =COUNTIF(C10:AG10,"F") | AJ10: =COUNTIF(C10:AG10,"J") | AK10: =IF((AH10+AI10+AJ10)=0,"-",AH10/(AH10+AI10+AJ10))
A11: 10 | B11: =Turma!B11 | AH11: =COUNTIF(C11:AG11,"P") | AI11: =COUNTIF(C11:AG11,"F") | AJ11: =COUNTIF(C11:AG11,"J") | AK11: =IF((AH11+AI11+AJ11)=0,"-",AH11/(AH11+AI11+AJ11))
A12: 11 | B12: =Turma!B12 | AH12: =COUNTIF(C12:AG12,"P") | AI12: =COUNTIF(C12:AG12,"F") | AJ12: =COUNTIF(C12:AG12,"J") | AK12: =IF((AH12+AI12+AJ12)=0,"-",AH12/(AH12+AI12+AJ12))
A13: 12 | B13: =Turma!B13 | AH13: =COUNTIF(C13:AG13,"P") | AI13: =COUNTIF(C13:AG13,"F") | AJ13: =COUNTIF(C13:AG13,"J") | AK13: =IF((AH13+AI13+AJ13)=0,"-",AH13/(AH13+AI13+AJ13))
... A28: 27 | B28: =Turma!B28 | AH28: =COUNTIF(C28:AG28,"P") | AI28: =COUNTIF(C28:AG28,"F") | AJ28: =COUNTIF(C28:AG28,"J") | AK28: =IF((AH28+AI28+AJ28)=0,"-",AH28/(AH28+AI28+AJ28))

Sheet Presença - Mai
A1: Nº | B1: Nome | C1: 1 | D1: 2 | E1: 3 | F1: 4 | G1: 5 | H1: 6 | I1: 7 | J1: 8 | K1: 9 | L1: 10 | M1: 11 | N1: 12 | O1: 13 | P1: 14 | Q1: 15 | R1: 16 | S1: 17 | T1: 18 | U1: 19 | V1: 20 | W1: 21 | X1: 22 | Y1: 23 | Z1: 24 | AA1: 25 | AB1: 26 | AC1: 27 | AD1: 28 | AE1: 29 | AF1: 30 | AG1: 31 | AH1: Total P | AI1: Total F | AJ1: Total J | AK1: % Freq
A2: 1 | B2: =Turma!B2 | AH2: =COUNTIF(C2:AG2,"P") | AI2: =COUNTIF(C2:AG2,"F") | AJ2: =COUNTIF(C2:AG2,"J") | AK2: =IF((AH2+AI2+AJ2)=0,"-",AH2/(AH2+AI2+AJ2))
A3: 2 | B3: =Turma!B3 | AH3: =COUNTIF(C3:AG3,"P") | AI3: =COUNTIF(C3:AG3,"F") | AJ3: =COUNTIF(C3:AG3,"J") | AK3: =IF((AH3+AI3+AJ3)=0,"-",AH3/(AH3+AI3+AJ3))
A4: 3 | B4: =Turma!B4 | AH4: =COUNTIF(C4:AG4,"P") | AI4: =COUNTIF(C4:AG4,"F") | AJ4: =COUNTIF(C4:AG4,"J") | AK4: =IF((AH4+AI4+AJ4)=0,"-",AH4/(AH4+AI4+AJ4))
A5: 4 | B5: =Turma!B5 | AH5: =COUNTIF(C5:AG5,"P") | AI5: =COUNTIF(C5:AG5,"F") | AJ5: =COUNTIF(C5:AG5,"J") | AK5: =IF((AH5+AI5+AJ5)=0,"-",AH5/(AH5+AI5+AJ5))
A6: 5 | B6: =Turma!B6 | AH6: =COUNTIF(C6:AG6,"P") | AI6: =COUNTIF(C6:AG6,"F") | AJ6: =COUNTIF(C6:AG6,"J") | AK6: =IF((AH6+AI6+AJ6)=0,"-",AH6/(AH6+AI6+AJ6))
A7: 6 | B7: =Turma!B7 | AH7: =COUNTIF(C7:AG7,"P") | AI7: =COUNTIF(C7:AG7,"F") | AJ7: =COUNTIF(C7:AG7,"J") | AK7: =IF((AH7+AI7+AJ7)=0,"-",AH7/(AH7+AI7+AJ7))
A8: 7 | B8: =Turma!B8 | AH8: =COUNTIF(C8:AG8,"P") | AI8: =COUNTIF(C8:AG8,"F") | AJ8: =COUNTIF(C8:AG8,"J") | AK8: =IF((AH8+AI8+AJ8)=0,"-",AH8/(AH8+AI8+AJ8))
A9: 8 | B9: =Turma!B9 | AH9: =COUNTIF(C9:AG9,"P") | AI9: =COUNTIF(C9:AG9,"F") | AJ9: =COUNTIF(C9:AG9,"J") | AK9: =IF((AH9+AI9+AJ9)=0,"-",AH9/(AH9+AI9+AJ9))
A10: 9 | B10: =Turma!B10 | AH10: =COUNTIF(C10:AG10,"P") | AI10: =COUNTIF(C10:AG10,"F") | AJ10: =COUNTIF(C10:AG10,"J") | AK10: =IF((AH10+AI10+AJ10)=0,"-",AH10/(AH10+AI10+AJ10))
A11: 10 | B11: =Turma!B11 | AH11: =COUNTIF(C11:AG11,"P") | AI11: =COUNTIF(C11:AG11,"F") | AJ11: =COUNTIF(C11:AG11,"J") | AK11: =IF((AH11+AI11+AJ11)=0,"-",AH11/(AH11+AI11+AJ11))
A12: 11 | B12: =Turma!B12 | AH12: =COUNTIF(C12:AG12,"P") | AI12: =COUNTIF(C12:AG12,"F") | AJ12: =COUNTIF(C12:AG12,"J") | AK12: =IF((AH12+AI12+AJ12)=0,"-",AH12/(AH12+AI12+AJ12))
A13: 12 | B13: =Turma!B13 | AH13: =COUNTIF(C13:AG13,"P") | AI13: =COUNTIF(C13:AG13,"F") | AJ13: =COUNTIF(C13:AG13,"J") | AK13: =IF((AH13+AI13+AJ13)=0,"-",AH13/(AH13+AI13+AJ13))
... A28: 27 | B28: =Turma!B28 | AH28: =COUNTIF(C28:AG28,"P") | AI28: =COUNTIF(C28:AG28,"F") | AJ28: =COUNTIF(C28:AG28,"J") | AK28: =IF((AH28+AI28+AJ28)=0,"-",AH28/(AH28+AI28+AJ28))

Sheet Presença - Jun
A1: Nº | B1: Nome | C1: 1 | D1: 2 | E1: 3 | F1: 4 | G1: 5 | H1: 6 | I1: 7 | J1: 8 | K1: 9 | L1: 10 | M1: 11 | N1: 12 | O1: 13 | P1: 14 | Q1: 15 | R1: 16 | S1: 17 | T1: 18 | U1: 19 | V1: 20 | W1: 21 | X1: 22 | Y1: 23 | Z1: 24 | AA1: 25 | AB1: 26 | AC1: 27 | AD1: 28 | AE1: 29 | AF1: 30 | AG1: 31 | AH1: Total P | AI1: Total F | AJ1: Total J | AK1: % Freq
A2: 1 | B2: =Turma!B2 | AH2: =COUNTIF(C2:AG2,"P") | AI2: =COUNTIF(C2:AG2,"F") | AJ2: =COUNTIF(C2:AG2,"J") | AK2: =IF((AH2+AI2+AJ2)=0,"-",AH2/(AH2+AI2+AJ2))
A3: 2 | B3: =Turma!B3 | AH3: =COUNTIF(C3:AG3,"P") | AI3: =COUNTIF(C3:AG3,"F") | AJ3: =COUNTIF(C3:AG3,"J") | AK3: =IF((AH3+AI3+AJ3)=0,"-",AH3/(AH3+AI3+AJ3))
A4: 3 | B4: =Turma!B4 | AH4: =COUNTIF(C4:AG4,"P") | AI4: =COUNTIF(C4:AG4,"F") | AJ4: =COUNTIF(C4:AG4,"J") | AK4: =IF((AH4+AI4+AJ4)=0,"-",AH4/(AH4+AI4+AJ4))
A5: 4 | B5: =Turma!B5 | AH5: =COUNTIF(C5:AG5,"P") | AI5: =COUNTIF(C5:AG5,"F") | AJ5: =COUNTIF(C5:AG5,"J") | AK5: =IF((AH5+AI5+AJ5)=0,"-",AH5/(AH5+AI5+AJ5))
A6: 5 | B6: =Turma!B6 | AH6: =COUNTIF(C6:AG6,"P") | AI6: =COUNTIF(C6:AG6,"F") | AJ6: =COUNTIF(C6:AG6,"J") | AK6: =IF((AH6+AI6+AJ6)=0,"-",AH6/(AH6+AI6+AJ6))
A7: 6 | B7: =Turma!B7 | AH7: =COUNTIF(C7:AG7,"P") | AI7: =COUNTIF(C7:AG7,"F") | AJ7: =COUNTIF(C7:AG7,"J") | AK7: =IF((AH7+AI7+AJ7)=0,"-",AH7/(AH7+AI7+AJ7))
A8: 7 | B8: =Turma!B8 | AH8: =COUNTIF(C8:AG8,"P") | AI8: =COUNTIF(C8:AG8,"F") | AJ8: =COUNTIF(C8:AG8,"J") | AK8: =IF((AH8+AI8+AJ8)=0,"-",AH8/(AH8+AI8+AJ8))
A9: 8 | B9: =Turma!B9 | AH9: =COUNTIF(C9:AG9,"P") | AI9: =COUNTIF(C9:AG9,"F") | AJ9: =COUNTIF(C9:AG9,"J") | AK9: =IF((AH9+AI9+AJ9)=0,"-",AH9/(AH9+AI9+AJ9))
A10: 9 | B10: =Turma!B10 | AH10: =COUNTIF(C10:AG10,"P") | AI10: =COUNTIF(C10:AG10,"F") | AJ10: =COUNTIF(C10:AG10,"J") | AK10: =IF((AH10+AI10+AJ10)=0,"-",AH10/(AH10+AI10+AJ10))
A11: 10 | B11: =Turma!B11 | AH11: =COUNTIF(C11:AG11,"P") | AI11: =COUNTIF(C11:AG11,"F") | AJ11: =COUNTIF(C11:AG11,"J") | AK11: =IF((AH11+AI11+AJ11)=0,"-",AH11/(AH11+AI11+AJ11))
A12: 11 | B12: =Turma!B12 | AH12: =COUNTIF(C12:AG12,"P") | AI12: =COUNTIF(C12:AG12,"F") | AJ12: =COUNTIF(C12:AG12,"J") | AK12: =IF((AH12+AI12+AJ12)=0,"-",AH12/(AH12+AI12+AJ12))
A13: 12 | B13: =Turma!B13 | AH13: =COUNTIF(C13:AG13,"P") | AI13: =COUNTIF(C13:AG13,"F") | AJ13: =COUNTIF(C13:AG13,"J") | AK13: =IF((AH13+AI13+AJ13)=0,"-",AH13/(AH13+AI13+AJ13))
... A28: 27 | B28: =Turma!B28 | AH28: =COUNTIF(C28:AG28,"P") | AI28: =COUNTIF(C28:AG28,"F") | AJ28: =COUNTIF(C28:AG28,"J") | AK28: =IF((AH28+AI28+AJ28)=0,"-",AH28/(AH28+AI28+AJ28))

Sheet Presença - Jul
A1: Nº | B1: Nome | C1: 1 | D1: 2 | E1: 3 | F1: 4 | G1: 5 | H1: 6 | I1: 7 | J1: 8 | K1: 9 | L1: 10 | M1: 11 | N1: 12 | O1: 13 | P1: 14 | Q1: 15 | R1: 16 | S1: 17 | T1: 18 | U1: 19 | V1: 20 | W1: 21 | X1: 22 | Y1: 23 | Z1: 24 | AA1: 25 | AB1: 26 | AC1: 27 | AD1: 28 | AE1: 29 | AF1: 30 | AG1: 31 | AH1: Total P | AI1: Total F | AJ1: Total J | AK1: % Freq
A2: 1 | B2: =Turma!B2 | AH2: =COUNTIF(C2:AG2,"P") | AI2: =COUNTIF(C2:AG2,"F") | AJ2: =COUNTIF(C2:AG2,"J") | AK2: =IF((AH2+AI2+AJ2)=0,"-",AH2/(AH2+AI2+AJ2))
A3: 2 | B3: =Turma!B3 | AH3: =COUNTIF(C3:AG3,"P") | AI3: =COUNTIF(C3:AG3,"F") | AJ3: =COUNTIF(C3:AG3,"J") | AK3: =IF((AH3+AI3+AJ3)=0,"-",AH3/(AH3+AI3+AJ3))
A4: 3 | B4: =Turma!B4 | AH4: =COUNTIF(C4:AG4,"P") | AI4: =COUNTIF(C4:AG4,"F") | AJ4: =COUNTIF(C4:AG4,"J") | AK4: =IF((AH4+AI4+AJ4)=0,"-",AH4/(AH4+AI4+AJ4))
A5: 4 | B5: =Turma!B5 | AH5: =COUNTIF(C5:AG5,"P") | AI5: =COUNTIF(C5:AG5,"F") | AJ5: =COUNTIF(C5:AG5,"J") | AK5: =IF((AH5+AI5+AJ5)=0,"-",AH5/(AH5+AI5+AJ5))
A6: 5 | B6: =Turma!B6 | AH6: =COUNTIF(C6:AG6,"P") | AI6: =COUNTIF(C6:AG6,"F") | AJ6: =COUNTIF(C6:AG6,"J") | AK6: =IF((AH6+AI6+AJ6)=0,"-",AH6/(AH6+AI6+AJ6))
A7: 6 | B7: =Turma!B7 | AH7: =COUNTIF(C7:AG7,"P") | AI7: =COUNTIF(C7:AG7,"F") | AJ7: =COUNTIF(C7:AG7,"J") | AK7: =IF((AH7+AI7+AJ7)=0,"-",AH7/(AH7+AI7+AJ7))
A8: 7 | B8: =Turma!B8 | AH8: =COUNTIF(C8:AG8,"P") | AI8: =COUNTIF(C8:AG8,"F") | AJ8: =COUNTIF(C8:AG8,"J") | AK8: =IF((AH8+AI8+AJ8)=0,"-",AH8/(AH8+AI8+AJ8))
A9: 8 | B9: =Turma!B9 | AH9: =COUNTIF(C9:AG9,"P") | AI9: =COUNTIF(C9:AG9,"F") | AJ9: =COUNTIF(C9:AG9,"J") | AK9: =IF((AH9+AI9+AJ9)=0,"-",AH9/(AH9+AI9+AJ9))
A10: 9 | B10: =Turma!B10 | AH10: =COUNTIF(C10:AG10,"P") | AI10: =COUNTIF(C10:AG10,"F") | AJ10: =COUNTIF(C10:AG10,"J") | AK10: =IF((AH10+AI10+AJ10)=0,"-",AH10/(AH10+AI10+AJ10))
A11: 10 | B11: =Turma!B11 | AH11: =COUNTIF(C11:AG11,"P") | AI11: =COUNTIF(C11:AG11,"F") | AJ11: =COUNTIF(C11:AG11,"J") | AK11: =IF((AH11+AI11+AJ11)=0,"-",AH11/(AH11+AI11+AJ11))
A12: 11 | B12: =Turma!B12 | AH12: =COUNTIF(C12:AG12,"P") | AI12: =COUNTIF(C12:AG12,"F") | AJ12: =COUNTIF(C12:AG12,"J") | AK12: =IF((AH12+AI12+AJ12)=0,"-",AH12/(AH12+AI12+AJ12))
A13: 12 | B13: =Turma!B13 | AH13: =COUNTIF(C13:AG13,"P") | AI13: =COUNTIF(C13:AG13,"F") | AJ13: =COUNTIF(C13:AG13,"J") | AK13: =IF((AH13+AI13+AJ13)=0,"-",AH13/(AH13+AI13+AJ13))
... A28: 27 | B28: =Turma!B28 | AH28: =COUNTIF(C28:AG28,"P") | AI28: =COUNTIF(C28:AG28,"F") | AJ28: =COUNTIF(C28:AG28,"J") | AK28: =IF((AH28+AI28+AJ28)=0,"-",AH28/(AH28+AI28+AJ28))

Sheet Presença - Ago
A1: Nº | B1: Nome | C1: 1 | D1: 2 | E1: 3 | F1: 4 | G1: 5 | H1: 6 | I1: 7 | J1: 8 | K1: 9 | L1: 10 | M1: 11 | N1: 12 | O1: 13 | P1: 14 | Q1: 15 | R1: 16 | S1: 17 | T1: 18 | U1: 19 | V1: 20 | W1: 21 | X1: 22 | Y1: 23 | Z1: 24 | AA1: 25 | AB1: 26 | AC1: 27 | AD1: 28 | AE1: 29 | AF1: 30 | AG1: 31 | AH1: Total P | AI1: Total F | AJ1: Total J | AK1: % Freq
A2: 1 | B2: =Turma!B2 | AH2: =COUNTIF(C2:AG2,"P") | AI2: =COUNTIF(C2:AG2,"F") | AJ2: =COUNTIF(C2:AG2,"J") | AK2: =IF((AH2+AI2+AJ2)=0,"-",AH2/(AH2+AI2+AJ2))
A3: 2 | B3: =Turma!B3 | AH3: =COUNTIF(C3:AG3,"P") | AI3: =COUNTIF(C3:AG3,"F") | AJ3: =COUNTIF(C3:AG3,"J") | AK3: =IF((AH3+AI3+AJ3)=0,"-",AH3/(AH3+AI3+AJ3))
A4: 3 | B4: =Turma!B4 | AH4: =COUNTIF(C4:AG4,"P") | AI4: =COUNTIF(C4:AG4,"F") | AJ4: =COUNTIF(C4:AG4,"J") | AK4: =IF((AH4+AI4+AJ4)=0,"-",AH4/(AH4+AI4+AJ4))
A5: 4 | B5: =Turma!B5 | AH5: =COUNTIF(C5:AG5,"P") | AI5: =COUNTIF(C5:AG5,"F") | AJ5: =COUNTIF(C5:AG5,"J") | AK5: =IF((AH5+AI5+AJ5)=0,"-",AH5/(AH5+AI5+AJ5))
A6: 5 | B6: =Turma!B6 | AH6: =COUNTIF(C6:AG6,"P") | AI6: =COUNTIF(C6:AG6,"F") | AJ6: =COUNTIF(C6:AG6,"J") | AK6: =IF((AH6+AI6+AJ6)=0,"-",AH6/(AH6+AI6+AJ6))
A7: 6 | B7: =Turma!B7 | AH7: =COUNTIF(C7:AG7,"P") | AI7: =COUNTIF(C7:AG7,"F") | AJ7: =COUNTIF(C7:AG7,"J") | AK7: =IF((AH7+AI7+AJ7)=0,"-",AH7/(AH7+AI7+AJ7))
A8: 7 | B8: =Turma!B8 | AH8: =COUNTIF(C8:AG8,"P") | AI8: =COUNTIF(C8:AG8,"F") | AJ8: =COUNTIF(C8:AG8,"J") | AK8: =IF((AH8+AI8+AJ8)=0,"-",AH8/(AH8+AI8+AJ8))
A9: 8 | B9: =Turma!B9 | AH9: =COUNTIF(C9:AG9,"P") | AI9: =COUNTIF(C9:AG9,"F") | AJ9: =COUNTIF(C9:AG9,"J") | AK9: =IF((AH9+AI9+AJ9)=0,"-",AH9/(AH9+AI9+AJ9))
A10: 9 | B10: =Turma!B10 | AH10: =COUNTIF(C10:AG10,"P") | AI10: =COUNTIF(C10:AG10,"F") | AJ10: =COUNTIF(C10:AG10,"J") | AK10: =IF((AH10+AI10+AJ10)=0,"-",AH10/(AH10+AI10+AJ10))
A11: 10 | B11: =Turma!B11 | AH11: =COUNTIF(C11:AG11,"P") | AI11: =COUNTIF(C11:AG11,"F") | AJ11: =COUNTIF(C11:AG11,"J") | AK11: =IF((AH11+AI11+AJ11)=0,"-",AH11/(AH11+AI11+AJ11))
A12: 11 | B12: =Turma!B12 | AH12: =COUNTIF(C12:AG12,"P") | AI12: =COUNTIF(C12:AG12,"F") | AJ12: =COUNTIF(C12:AG12,"J") | AK12: =IF((AH12+AI12+AJ12)=0,"-",AH12/(AH12+AI12+AJ12))
A13: 12 | B13: =Turma!B13 | AH13: =COUNTIF(C13:AG13,"P") | AI13: =COUNTIF(C13:AG13,"F") | AJ13: =COUNTIF(C13:AG13,"J") | AK13: =IF((AH13+AI13+AJ13)=0,"-",AH13/(AH13+AI13+AJ13))
... A28: 27 | B28: =Turma!B28 | AH28: =COUNTIF(C28:AG28,"P") | AI28: =COUNTIF(C28:AG28,"F") | AJ28: =COUNTIF(C28:AG28,"J") | AK28: =IF((AH28+AI28+AJ28)=0,"-",AH28/(AH28+AI28+AJ28))

Sheet Presença - Set
A1: Nº | B1: Nome | C1: 1 | D1: 2 | E1: 3 | F1: 4 | G1: 5 | H1: 6 | I1: 7 | J1: 8 | K1: 9 | L1: 10 | M1: 11 | N1: 12 | O1: 13 | P1: 14 | Q1: 15 | R1: 16 | S1: 17 | T1: 18 | U1: 19 | V1: 20 | W1: 21 | X1: 22 | Y1: 23 | Z1: 24 | AA1: 25 | AB1: 26 | AC1: 27 | AD1: 28 | AE1: 29 | AF1: 30 | AG1: 31 | AH1: Total P | AI1: Total F | AJ1: Total J | AK1: % Freq
A2: 1 | B2: =Turma!B2 | AH2: =COUNTIF(C2:AG2,"P") | AI2: =COUNTIF(C2:AG2,"F") | AJ2: =COUNTIF(C2:AG2,"J") | AK2: =IF((AH2+AI2+AJ2)=0,"-",AH2/(AH2+AI2+AJ2))
A3: 2 | B3: =Turma!B3 | AH3: =COUNTIF(C3:AG3,"P") | AI3: =COUNTIF(C3:AG3,"F") | AJ3: =COUNTIF(C3:AG3,"J") | AK3: =IF((AH3+AI3+AJ3)=0,"-",AH3/(AH3+AI3+AJ3))
A4: 3 | B4: =Turma!B4 | AH4: =COUNTIF(C4:AG4,"P") | AI4: =COUNTIF(C4:AG4,"F") | AJ4: =COUNTIF(C4:AG4,"J") | AK4: =IF((AH4+AI4+AJ4)=0,"-",AH4/(AH4+AI4+AJ4))
A5: 4 | B5: =Turma!B5 | AH5: =COUNTIF(C5:AG5,"P") | AI5: =COUNTIF(C5:AG5,"F") | AJ5: =COUNTIF(C5:AG5,"J") | AK5: =IF((AH5+AI5+AJ5)=0,"-",AH5/(AH5+AI5+AJ5))
A6: 5 | B6: =Turma!B6 | AH6: =COUNTIF(C6:AG6,"P") | AI6: =COUNTIF(C6:AG6,"F") | AJ6: =COUNTIF(C6:AG6,"J") | AK6: =IF((AH6+AI6+AJ6)=0,"-",AH6/(AH6+AI6+AJ6))
A7: 6 | B7: =Turma!B7 | AH7: =COUNTIF(C7:AG7,"P") | AI7: =COUNTIF(C7:AG7,"F") | AJ7: =COUNTIF(C7:AG7,"J") | AK7: =IF((AH7+AI7+AJ7)=0,"-",AH7/(AH7+AI7+AJ7))
A8: 7 | B8: =Turma!B8 | AH8: =COUNTIF(C8:AG8,"P") | AI8: =COUNTIF(C8:AG8,"F") | AJ8: =COUNTIF(C8:AG8,"J") | AK8: =IF((AH8+AI8+AJ8)=0,"-",AH8/(AH8+AI8+AJ8))
A9: 8 | B9: =Turma!B9 | AH9: =COUNTIF(C9:AG9,"P") | AI9: =COUNTIF(C9:AG9,"F") | AJ9: =COUNTIF(C9:AG9,"J") | AK9: =IF((AH9+AI9+AJ9)=0,"-",AH9/(AH9+AI9+AJ9))
A10: 9 | B10: =Turma!B10 | AH10: =COUNTIF(C10:AG10,"P") | AI10: =COUNTIF(C10:AG10,"F") | AJ10: =COUNTIF(C10:AG10,"J") | AK10: =IF((AH10+AI10+AJ10)=0,"-",AH10/(AH10+AI10+AJ10))
A11: 10 | B11: =Turma!B11 | AH11: =COUNTIF(C11:AG11,"P") | AI11: =COUNTIF(C11:AG11,"F") | AJ11: =COUNTIF(C11:AG11,"J") | AK11: =IF((AH11+AI11+AJ11)=0,"-",AH11/(AH11+AI11+AJ11))
A12: 11 | B12: =Turma!B12 | AH12: =COUNTIF(C12:AG12,"P") | AI12: =COUNTIF(C12:AG12,"F") | AJ12: =COUNTIF(C12:AG12,"J") | AK12: =IF((AH12+AI12+AJ12)=0,"-",AH12/(AH12+AI12+AJ12))
A13: 12 | B13: =Turma!B13 | AH13: =COUNTIF(C13:AG13,"P") | AI13: =COUNTIF(C13:AG13,"F") | AJ13: =COUNTIF(C13:AG13,"J") | AK13: =IF((AH13+AI13+AJ13)=0,"-",AH13/(AH13+AI13+AJ13))
... A28: 27 | B28: =Turma!B28 | AH28: =COUNTIF(C28:AG28,"P") | AI28: =COUNTIF(C28:AG28,"F") | AJ28: =COUNTIF(C28:AG28,"J") | AK28: =IF((AH28+AI28+AJ28)=0,"-",AH28/(AH28+AI28+AJ28))

Sheet Presença - Out
A1: Nº | B1: Nome | C1: 1 | D1: 2 | E1: 3 | F1: 4 | G1: 5 | H1: 6 | I1: 7 | J1: 8 | K1: 9 | L1: 10 | M1: 11 | N1: 12 | O1: 13 | P1: 14 | Q1: 15 | R1: 16 | S1: 17 | T1: 18 | U1: 19 | V1: 20 | W1: 21 | X1: 22 | Y1: 23 | Z1: 24 | AA1: 25 | AB1: 26 | AC1: 27 | AD1: 28 | AE1: 29 | AF1: 30 | AG1: 31 | AH1: Total P | AI1: Total F | AJ1: Total J | AK1: % Freq
A2: 1 | B2: =Turma!B2 | AH2: =COUNTIF(C2:AG2,"P") | AI2: =COUNTIF(C2:AG2,"F") | AJ2: =COUNTIF(C2:AG2,"J") | AK2: =IF((AH2+AI2+AJ2)=0,"-",AH2/(AH2+AI2+AJ2))
A3: 2 | B3: =Turma!B3 | AH3: =COUNTIF(C3:AG3,"P") | AI3: =COUNTIF(C3:AG3,"F") | AJ3: =COUNTIF(C3:AG3,"J") | AK3: =IF((AH3+AI3+AJ3)=0,"-",AH3/(AH3+AI3+AJ3))
A4: 3 | B4: =Turma!B4 | AH4: =COUNTIF(C4:AG4,"P") | AI4: =COUNTIF(C4:AG4,"F") | AJ4: =COUNTIF(C4:AG4,"J") | AK4: =IF((AH4+AI4+AJ4)=0,"-",AH4/(AH4+AI4+AJ4))
A5: 4 | B5: =Turma!B5 | AH5: =COUNTIF(C5:AG5,"P") | AI5: =COUNTIF(C5:AG5,"F") | AJ5: =COUNTIF(C5:AG5,"J") | AK5: =IF((AH5+AI5+AJ5)=0,"-",AH5/(AH5+AI5+AJ5))
A6: 5 | B6: =Turma!B6 | AH6: =COUNTIF(C6:AG6,"P") | AI6: =COUNTIF(C6:AG6,"F") | AJ6: =COUNTIF(C6:AG6,"J") | AK6: =IF((AH6+AI6+AJ6)=0,"-",AH6/(AH6+AI6+AJ6))
A7: 6 | B7: =Turma!B7 | AH7: =COUNTIF(C7:AG7,"P") | AI7: =COUNTIF(C7:AG7,"F") | AJ7: =COUNTIF(C7:AG7,"J") | AK7: =IF((AH7+AI7+AJ7)=0,"-",AH7/(AH7+AI7+AJ7))
A8: 7 | B8: =Turma!B8 | AH8: =COUNTIF(C8:AG8,"P") | AI8: =COUNTIF(C8:AG8,"F") | AJ8: =COUNTIF(C8:AG8,"J") | AK8: =IF((AH8+AI8+AJ8)=0,"-",AH8/(AH8+AI8+AJ8))
A9: 8 | B9: =Turma!B9 | AH9: =COUNTIF(C9:AG9,"P") | AI9: =COUNTIF(C9:AG9,"F") | AJ9: =COUNTIF(C9:AG9,"J") | AK9: =IF((AH9+AI9+AJ9)=0,"-",AH9/(AH9+AI9+AJ9))
A10: 9 | B10: =Turma!B10 | AH10: =COUNTIF(C10:AG10,"P") | AI10: =COUNTIF(C10:AG10,"F") | AJ10: =COUNTIF(C10:AG10,"J") | AK10: =IF((AH10+AI10+AJ10)=0,"-",AH10/(AH10+AI10+AJ10))
A11: 10 | B11: =Turma!B11 | AH11: =COUNTIF(C11:AG11,"P") | AI11: =COUNTIF(C11:AG11,"F") | AJ11: =COUNTIF(C11:AG11,"J") | AK11: =IF((AH11+AI11+AJ11)=0,"-",AH11/(AH11+AI11+AJ11))
A12: 11 | B12: =Turma!B12 | AH12: =COUNTIF(C12:AG12,"P") | AI12: =COUNTIF(C12:AG12,"F") | AJ12: =COUNTIF(C12:AG12,"J") | AK12: =IF((AH12+AI12+AJ12)=0,"-",AH12/(AH12+AI12+AJ12))
A13: 12 | B13: =Turma!B13 | AH13: =COUNTIF(C13:AG13,"P") | AI13: =COUNTIF(C13:AG13,"F") | AJ13: =COUNTIF(C13:AG13,"J") | AK13: =IF((AH13+AI13+AJ13)=0,"-",AH13/(AH13+AI13+AJ13))
... A28: 27 | B28: =Turma!B28 | AH28: =COUNTIF(C28:AG28,"P") | AI28: =COUNTIF(C28:AG28,"F") | AJ28: =COUNTIF(C28:AG28,"J") | AK28: =IF((AH28+AI28+AJ28)=0,"-",AH28/(AH28+AI28+AJ28))

Sheet Presença - Nov
A1: Nº | B1: Nome | C1: 1 | D1: 2 | E1: 3 | F1: 4 | G1: 5 | H1: 6 | I1: 7 | J1: 8 | K1: 9 | L1: 10 | M1: 11 | N1: 12 | O1: 13 | P1: 14 | Q1: 15 | R1: 16 | S1: 17 | T1: 18 | U1: 19 | V1: 20 | W1: 21 | X1: 22 | Y1: 23 | Z1: 24 | AA1: 25 | AB1: 26 | AC1: 27 | AD1: 28 | AE1: 29 | AF1: 30 | AG1: 31 | AH1: Total P | AI1: Total F | AJ1: Total J | AK1: % Freq
A2: 1 | B2: =Turma!B2 | AH2: =COUNTIF(C2:AG2,"P") | AI2: =COUNTIF(C2:AG2,"F") | AJ2: =COUNTIF(C2:AG2,"J") | AK2: =IF((AH2+AI2+AJ2)=0,"-",AH2/(AH2+AI2+AJ2))
A3: 2 | B3: =Turma!B3 | AH3: =COUNTIF(C3:AG3,"P") | AI3: =COUNTIF(C3:AG3,"F") | AJ3: =COUNTIF(C3:AG3,"J") | AK3: =IF((AH3+AI3+AJ3)=0,"-",AH3/(AH3+AI3+AJ3))
A4: 3 | B4: =Turma!B4 | AH4: =COUNTIF(C4:AG4,"P") | AI4: =COUNTIF(C4:AG4,"F") | AJ4: =COUNTIF(C4:AG4,"J") | AK4: =IF((AH4+AI4+AJ4)=0,"-",AH4/(AH4+AI4+AJ4))
A5: 4 | B5: =Turma!B5 | AH5: =COUNTIF(C5:AG5,"P") | AI5: =COUNTIF(C5:AG5,"F") | AJ5: =COUNTIF(C5:AG5,"J") | AK5: =IF((AH5+AI5+AJ5)=0,"-",AH5/(AH5+AI5+AJ5))
A6: 5 | B6: =Turma!B6 | AH6: =COUNTIF(C6:AG6,"P") | AI6: =COUNTIF(C6:AG6,"F") | AJ6: =COUNTIF(C6:AG6,"J") | AK6: =IF((AH6+AI6+AJ6)=0,"-",AH6/(AH6+AI6+AJ6))
A7: 6 | B7: =Turma!B7 | AH7: =COUNTIF(C7:AG7,"P") | AI7: =COUNTIF(C7:AG7,"F") | AJ7: =COUNTIF(C7:AG7,"J") | AK7: =IF((AH7+AI7+AJ7)=0,"-",AH7/(AH7+AI7+AJ7))
A8: 7 | B8: =Turma!B8 | AH8: =COUNTIF(C8:AG8,"P") | AI8: =COUNTIF(C8:AG8,"F") | AJ8: =COUNTIF(C8:AG8,"J") | AK8: =IF((AH8+AI8+AJ8)=0,"-",AH8/(AH8+AI8+AJ8))
A9: 8 | B9: =Turma!B9 | AH9: =COUNTIF(C9:AG9,"P") | AI9: =COUNTIF(C9:AG9,"F") | AJ9: =COUNTIF(C9:AG9,"J") | AK9: =IF((AH9+AI9+AJ9)=0,"-",AH9/(AH9+AI9+AJ9))
A10: 9 | B10: =Turma!B10 | AH10: =COUNTIF(C10:AG10,"P") | AI10: =COUNTIF(C10:AG10,"F") | AJ10: =COUNTIF(C10:AG10,"J") | AK10: =IF((AH10+AI10+AJ10)=0,"-",AH10/(AH10+AI10+AJ10))
A11: 10 | B11: =Turma!B11 | AH11: =COUNTIF(C11:AG11,"P") | AI11: =COUNTIF(C11:AG11,"F") | AJ11: =COUNTIF(C11:AG11,"J") | AK11: =IF((AH11+AI11+AJ11)=0,"-",AH11/(AH11+AI11+AJ11))
A12: 11 | B12: =Turma!B12 | AH12: =COUNTIF(C12:AG12,"P") | AI12: =COUNTIF(C12:AG12,"F") | AJ12: =COUNTIF(C12:AG12,"J") | AK12: =IF((AH12+AI12+AJ12)=0,"-",AH12/(AH12+AI12+AJ12))
A13: 12 | B13: =Turma!B13 | AH13: =COUNTIF(C13:AG13,"P") | AI13: =COUNTIF(C13:AG13,"F") | AJ13: =COUNTIF(C13:AG13,"J") | AK13: =IF((AH13+AI13+AJ13)=0,"-",AH13/(AH13+AI13+AJ13))
... A28: 27 | B28: =Turma!B28 | AH28: =COUNTIF(C28:AG28,"P") | AI28: =COUNTIF(C28:AG28,"F") | AJ28: =COUNTIF(C28:AG28,"J") | AK28: =IF((AH28+AI28+AJ28)=0,"-",AH28/(AH28+AI28+AJ28))

Sheet Notas - B1
A1: Nº | B1: Nome | C1: Português | D1: Matemática | E1: Ciências | F1: História | G1: Geografia | H1: Artes | I1: Média Geral
A2: 1 | B2: =Turma!B2 | I2: =IFERROR(AVERAGE(C2:H2),"")
A3: 2 | B3: =Turma!B3 | I3: =IFERROR(AVERAGE(C3:H3),"")
A4: 3 | B4: =Turma!B4 | I4: =IFERROR(AVERAGE(C4:H4),"")
A5: 4 | B5: =Turma!B5 | I5: =IFERROR(AVERAGE(C5:H5),"")
A6: 5 | B6: =Turma!B6 | I6: =IFERROR(AVERAGE(C6:H6),"")
A7: 6 | B7: =Turma!B7 | I7: =IFERROR(AVERAGE(C7:H7),"")
A8: 7 | B8: =Turma!B8 | I8: =IFERROR(AVERAGE(C8:H8),"")
A9: 8 | B9: =Turma!B9 | I9: =IFERROR(AVERAGE(C9:H9),"")
A10: 9 | B10: =Turma!B10 | I10: =IFERROR(AVERAGE(C10:H10),"")
A11: 10 | B11: =Turma!B11 | I11: =IFERROR(AVERAGE(C11:H11),"")
A12: 11 | B12: =Turma!B12 | I12: =IFERROR(AVERAGE(C12:H12),"")
A13: 12 | B13: =Turma!B13 | I13: =IFERROR(AVERAGE(C13:H13),"")
... A28: 27 | B28: =Turma!B28 | I28: =IFERROR(AVERAGE(C28:H28),"")

Sheet Notas - B2
A1: Nº | B1: Nome | C1: Português | D1: Matemática | E1: Ciências | F1: História | G1: Geografia | H1: Artes | I1: Média Geral
A2: 1 | B2: =Turma!B2 | I2: =IFERROR(AVERAGE(C2:H2),"")
A3: 2 | B3: =Turma!B3 | I3: =IFERROR(AVERAGE(C3:H3),"")
A4: 3 | B4: =Turma!B4 | I4: =IFERROR(AVERAGE(C4:H4),"")
A5: 4 | B5: =Turma!B5 | I5: =IFERROR(AVERAGE(C5:H5),"")
A6: 5 | B6: =Turma!B6 | I6: =IFERROR(AVERAGE(C6:H6),"")
A7: 6 | B7: =Turma!B7 | I7: =IFERROR(AVERAGE(C7:H7),"")
A8: 7 | B8: =Turma!B8 | I8: =IFERROR(AVERAGE(C8:H8),"")
A9: 8 | B9: =Turma!B9 | I9: =IFERROR(AVERAGE(C9:H9),"")
A10: 9 | B10: =Turma!B10 | I10: =IFERROR(AVERAGE(C10:H10),"")
A11: 10 | B11: =Turma!B11 | I11: =IFERROR(AVERAGE(C11:H11),"")
A12: 11 | B12: =Turma!B12 | I12: =IFERROR(AVERAGE(C12:H12),"")
A13: 12 | B13: =Turma!B13 | I13: =IFERROR(AVERAGE(C13:H13),"")
... A28: 27 | B28: =Turma!B28 | I28: =IFERROR(AVERAGE(C28:H28),"")

Sheet Notas - B3
A1: Nº | B1: Nome | C1: Português | D1: Matemática | E1: Ciências | F1: História | G1: Geografia | H1: Artes | I1: Média Geral
A2: 1 | B2: =Turma!B2 | I2: =IFERROR(AVERAGE(C2:H2),"")
A3: 2 | B3: =Turma!B3 | I3: =IFERROR(AVERAGE(C3:H3),"")
A4: 3 | B4: =Turma!B4 | I4: =IFERROR(AVERAGE(C4:H4),"")
A5: 4 | B5: =Turma!B5 | I5: =IFERROR(AVERAGE(C5:H5),"")
A6: 5 | B6: =Turma!B6 | I6: =IFERROR(AVERAGE(C6:H6),"")
A7: 6 | B7: =Turma!B7 | I7: =IFERROR(AVERAGE(C7:H7),"")
A8: 7 | B8: =Turma!B8 | I8: =IFERROR(AVERAGE(C8:H8),"")
A9: 8 | B9: =Turma!B9 | I9: =IFERROR(AVERAGE(C9:H9),"")
A10: 9 | B10: =Turma!B10 | I10: =IFERROR(AVERAGE(C10:H10),"")
A11: 10 | B11: =Turma!B11 | I11: =IFERROR(AVERAGE(C11:H11),"")
A12: 11 | B12: =Turma!B12 | I12: =IFERROR(AVERAGE(C12:H12),"")
A13: 12 | B13: =Turma!B13 | I13: =IFERROR(AVERAGE(C13:H13),"")
... A28: 27 | B28: =Turma!B28 | I28: =IFERROR(AVERAGE(C28:H28),"")

Sheet Notas - B4
A1: Nº | B1: Nome | C1: Português | D1: Matemática | E1: Ciências | F1: História | G1: Geografia | H1: Artes | I1: Média Geral
A2: 1 | B2: =Turma!B2 | I2: =IFERROR(AVERAGE(C2:H2),"")
A3: 2 | B3: =Turma!B3 | I3: =IFERROR(AVERAGE(C3:H3),"")
A4: 3 | B4: =Turma!B4 | I4: =IFERROR(AVERAGE(C4:H4),"")
A5: 4 | B5: =Turma!B5 | I5: =IFERROR(AVERAGE(C5:H5),"")
A6: 5 | B6: =Turma!B6 | I6: =IFERROR(AVERAGE(C6:H6),"")
A7: 6 | B7: =Turma!B7 | I7: =IFERROR(AVERAGE(C7:H7),"")
A8: 7 | B8: =Turma!B8 | I8: =IFERROR(AVERAGE(C8:H8),"")
A9: 8 | B9: =Turma!B9 | I9: =IFERROR(AVERAGE(C9:H9),"")
A10: 9 | B10: =Turma!B10 | I10: =IFERROR(AVERAGE(C10:H10),"")
A11: 10 | B11: =Turma!B11 | I11: =IFERROR(AVERAGE(C11:H11),"")
A12: 11 | B12: =Turma!B12 | I12: =IFERROR(AVERAGE(C12:H12),"")
A13: 12 | B13: =Turma!B13 | I13: =IFERROR(AVERAGE(C13:H13),"")
... A28: 27 | B28: =Turma!B28 | I28: =IFERROR(AVERAGE(C28:H28),"")
